mark,hind_paev,kirjeldus
Honda,1.99,"A mix of carrots, peas, and corn, easy to stir-fry."
Mercury,3.49,"Green salsa with a spicy kick, great for dipping."
Infiniti,39.99,Wireless microphone for singing and performances.
GMC,199,1080p HD video camera with night vision.
Jeep,1.99,"Pitted black olives, perfect for salads and pizzas."
Ford,4.99,"Creamy ricotta cheese, great for cooking or making desserts."
Cadillac,2.99,Light and fluffy popcorn coated in aged white cheddar.
Subaru,34.99,Ultrasonic essential oil diffuser with LED lights.
Mercedes-Benz,6.49,A nourishing bowl of sweet potatoes and chickpeas with spices.
Lexus,19.99,Multiple USB ports for charging devices simultaneously.
Cadillac,4.99,Creamy pistachio-flavored ice cream with real nuts.
Jeep,4.49,Dairy-free yogurt made from coconut milk.
Ford,2.69,"Smooth and creamy, ideal for spreads or baking."
Saab,4.99,Pulled jackfruit in a smoky BBQ sauce for a tasty vegan dish.
Chrysler,89.99,Rechargeable massage gun for relieving muscle soreness.
Mitsubishi,15.99,Flexible molds perfect for baking cakes and pastries.
Toyota,22.99,Space-saving solution to store shoes and keep them organized.
Dodge,4.99,Creamy and crumbly cheese for salads and dishes.
Chrysler,14.99,Rugged phone case for drop protection.
Mitsubishi,3.29,"Crispy chips with a sweet twist, perfect for dipping."
Ford,29.99,Engaging kit with science experiments for children.
Volkswagen,2.59,"Creamy ranch dressing, perfect for salads and dips."
Pontiac,29.99,Compact hand mixer for easy baking.
Ford,25.99,Retro-style graphic tee with a soft wash for a vintage feel.
Dodge,24.99,Supportive pillow designed for a good night's sleep.
Mitsubishi,19.99,Complete watercolor set with paints and brushes.
Ford,4.99,A pre-packaged salad kit with noodles and Asian-style dressing.
GMC,24.99,Keep bugs out while allowing fresh air in during summer.
Cadillac,3.29,"Rich chocolate cups filled with almond butter, a delicious treat."
Ford,59.99,True wireless earbuds with excellent sound quality.
Cadillac,19.99,Set of roller bottles for blending and applying essential oils.
Mazda,4.99,Quick and easy fried rice mixed with vegetables and soy sauce.
Subaru,5.99,"Spicy jalapenos stuffed with cheese, ideal for appetizers."
Chevrolet,59.99,Essential survival gear kit for emergencies.
Subaru,6.99,Convenient dispenser for dog waste bags on walks.
Pontiac,24.99,Maintain freshness and dispense cereal easily.
Mercury,2.99,"A delicious savory quinoa pudding, great as a side dish."
Lexus,29.99,Tripod with wireless remote for effortless photo-taking.
Jeep,19.99,Color-changing 3D night light for kids' rooms.
Acura,12.99,Eco-friendly trash bags that break down naturally.
Ford,3.49,"Sweet and savory carrots glazed in honey, perfect as a side dish."
Isuzu,3.79,Artichoke hearts marinated in herbs and oil.
Lotus,10.99,Silicone tray for making ice cubes with a lid to prevent spills.
Ford,69.99,Bluetooth speakers with excellent sound quality.
Pontiac,2.49,A hearty mix of beans in a flavorful tomato broth.
Jeep,19.99,Control appliances remotely using your smartphone.
Ford,149.99,"Versatile air fryer that also roasts, bakes, and broils."
Fairthorpe,69.99,Bluetooth speakers with excellent sound quality.
Mazda,14.99,Eco-friendly mesh bags for shopping produce at the market.
BMW,19.99,Bottle with infuser for brewing loose-leaf tea on the go.
